{
    "buy": [
        [
            0.0,
            0.0,
            0.0,
            0.0,
            0.0
        ],
        [
            0.0,
            0.0,
            0.0,
            250.0,
            0.0
        ],
        [
            0.0,
            0.0,
            0.0,
            0.0,
            0.0
        ],
        [
            0.0,
            0.0,
            0.0,
            0.0,
            0.0
        ],
        [
            2.842170943040401e-14,
            0.0,
            0.0,
            0.0,
            500.0
        ],
        [
            659.2592592592592,
            540.7407407407409,
            0.0,
            750.0,
            0.0
        ]
    ],
    "refine": [
        [
            0.0,
            200.0,
            0.0,
            0.0,
            250.0
        ],
        [
            159.2592592592592,
            40.74074074074079,
            0.0,
            250.0,
            0.0
        ],
        [
            159.2592592592592,
            40.74074074074082,
            0.0,
            250.0,
            0.0
        ],
        [
            85.18518518518518,
            114.81481481481482,
            0.0,
            0.0,
            250.0
        ],
        [
            96.2962962962964,
            103.7037037037036,
            0.0,
            250.0,
            0.0
        ],
        [
            159.2592592592592,
            40.74074074074082,
            0.0,
            250.0,
            0.0
        ]
    ],
    "storage": [
        [
            500.0,
            300.0,
            500.0,
            500.0,
            250.0
        ],
        [
            340.74074074074076,
            259.25925925925924,
            500.0,
            500.0,
            250.0
        ],
        [
            181.48148148148155,
            218.51851851851842,
            500.0,
            250.0,
            250.0
        ],
        [
            96.29629629629638,
            103.7037037037036,
            500.0,
            250.0,
            0.0
        ],
        [
            0.0,
            0.0,
            500.0,
            0.0,
            500.0
        ],
        [
            500.0,
            500.0,
            500.0,
            500.0,
            500.0
        ]
    ]
}