{
    "sell": [
        42.998272884283246,
        0.0,
        80.0
    ],
    "expectedValue": 10165.215889464595
}