{
    "x": [
        0.0,
        0.0,
        0.01,
        0.03,
        0.06,
        0.1,
        0.15000000000000002,
        0.21000000000000002,
        0.28,
        0.36000000000000004,
        0.45000000000000007,
        0.55,
        0.64,
        0.72,
        0.7899999999999998,
        0.8499999999999999,
        0.8999999999999999,
        0.94,
        0.97,
        0.99,
        1.0
    ],
    "v": [
        0.0,
        0.01,
        0.02,
        0.03,
        0.04,
        0.05,
        0.060000000000000005,
        0.07,
        0.08,
        0.09,
        0.09999999999999999,
        0.08999999999999998,
        0.07999999999999999,
        0.06999999999999999,
        0.06,
        0.05,
        0.04,
        0.03,
        0.02,
        0.01,
        0.0
    ],
    "a": [
        0.01,
        0.01,
        0.01,
        0.01,
        0.01,
        0.01,
        0.01,
        0.01,
        0.01,
        0.01,
        -0.010000000000000009,
        -0.01,
        -0.01,
        -0.01,
        -0.01,
        -0.01,
        -0.01,
        -0.01,
        -0.01,
        -0.01
    ],
    "fuel_spend": 0.20000000000000004
}