{
    "net_income": 606.299212598425,
    "production": [
        62.992125984251956,
        645.6692913385826
    ],
    "upgrade": true
}