{
    "quadratic": 0.03372549019607841,
    "linear": 0.29450980392156884,
    "constant": 0.9823529411764703
}