{
    "power": [
        17.77777777777778,
        17.037037037037035
    ],
    "error": 7.37037037037037
}