{
    "x": [
        0.0,
        0.0,
        0.05263157894736842,
        0.10526315789473677,
        0.1578947368421052,
        0.21052631578947362,
        0.26315789473684204,
        0.3157894736842105,
        0.36842105263157887,
        0.42105263157894735,
        0.47368421052631576,
        0.5263157894736841,
        0.5789473684210524,
        0.6315789473684209,
        0.6842105263157893,
        0.7368421052631577,
        0.7894736842105262,
        0.8421052631578947,
        0.8947368421052632,
        0.9473684210526316,
        1.0
    ],
    "v": [
        0.0,
        0.052631578947368425,
        0.052631578947368425,
        0.052631578947368425,
        0.052631578947368425,
        0.052631578947368425,
        0.052631578947368425,
        0.052631578947368425,
        0.052631578947368425,
        0.052631578947368425,
        0.05263157894736843,
        0.05263157894736844,
        0.052631578947368446,
        0.05263157894736844,
        0.05263157894736845,
        0.05263157894736845,
        0.052631578947368446,
        0.05263157894736844,
        0.05263157894736842,
        0.05263157894736842,
        0.0
    ],
    "a": [
        0.052631578947368425,
        0.0,
        0.0,
        0.0,
        0.0,
        0.0,
        0.0,
        0.0,
        0.0,
        0.0,
        0.0,
        0.0,
        0.0,
        0.0,
        0.0,
        0.0,
        0.0,
        0.0,
        0.0,
        -0.05263157894736842
    ],
    "fuel_spend": 0.10526315789473684
}